[
  {
    "lat": 35.1792378348175,
    "lon": 33.341371191531195,
    "score_15min_norm": 0.75,
    "pop_density_norm": 0.46313502543832336,
    "score_15min": 75.0,
    "population_density": 2058.2470703125
  },
  {
    "lat": 35.15667966966159,
    "lon": 33.34676673393215,
    "score_15min_norm": 0.75,
    "pop_density_norm": 0.8033800936070871,
    "score_15min": 75.0,
    "population_density": 3414.078369140625
  },
  {
    "lat": 35.17020521840286,
    "lon": 33.34682414823117,
    "score_15min_norm": 1.0,
    "pop_density_norm": 0.7442763604914199,
    "score_15min": 100.0,
    "population_density": 3178.557861328125
  },
  {
    "lat": 35.174713727907566,
    "lon": 33.34684329483237,
    "score_15min_norm": 0.875,
    "pop_density_norm": 0.46313502543832336,
    "score_15min": 87.5,
    "population_density": 2058.2470703125
  },
  {
    "lat": 35.17922223404076,
    "lon": 33.346862445685886,
    "score_15min_norm": 0.75,
    "pop_density_norm": 0.46313502543832336,
    "score_15min": 75.0,
    "population_density": 2058.2470703125
  },
  {
    "lat": 35.15666383310426,
    "lon": 33.352256468677126,
    "score_15min_norm": 0.75,
    "pop_density_norm": 0.6289250980371659,
    "score_15min": 75.0,
    "population_density": 2718.8984375
  },
  {
    "lat": 35.16117235009092,
    "lon": 33.352275905423696,
    "score_15min_norm": 1.0,
    "pop_density_norm": 0.7587967493366465,
    "score_15min": 100.0,
    "population_density": 3236.419677734375
  },
  {
    "lat": 35.16568086370635,
    "lon": 33.352295346487054,
    "score_15min_norm": 1.0,
    "pop_density_norm": 0.7587967493366465,
    "score_15min": 100.0,
    "population_density": 3236.419677734375
  },
  {
    "lat": 35.170189373950386,
    "lon": 33.35231479186814,
    "score_15min_norm": 1.0,
    "pop_density_norm": 0.6744781755361964,
    "score_15min": 100.0,
    "population_density": 2900.42138671875
  },
  {
    "lat": 35.1746978808228,
    "lon": 33.35233424156791,
    "score_15min_norm": 1.0,
    "pop_density_norm": 0.5154781348128229,
    "score_15min": 100.0,
    "population_density": 2266.827392578125
  },
  {
    "lat": 35.156647747813665,
    "lon": 33.357746199106266,
    "score_15min_norm": 0.875,
    "pop_density_norm": 1.0,
    "score_15min": 87.5,
    "population_density": 4197.58251953125
  },
  {
    "lat": 35.16115626212758,
    "lon": 33.357765938748614,
    "score_15min_norm": 1.0,
    "pop_density_norm": 0.7863271742629352,
    "score_15min": 100.0,
    "population_density": 3346.124755859375
  },
  {
    "lat": 35.16566477306995,
    "lon": 33.35778568277501,
    "score_15min_norm": 1.0,
    "pop_density_norm": 0.7863271742629352,
    "score_15min": 100.0,
    "population_density": 3346.124755859375
  },
  {
    "lat": 35.17017328064063,
    "lon": 33.35780543118642,
    "score_15min_norm": 1.0,
    "pop_density_norm": 0.7464822768987598,
    "score_15min": 100.0,
    "population_density": 3187.34814453125
  },
  {
    "lat": 35.15663141379044,
    "lon": 33.36323592515233,
    "score_15min_norm": 1.0,
    "pop_density_norm": 1.0,
    "score_15min": 100.0,
    "population_density": 4197.58251953125
  },
  {
    "lat": 35.16113992539026,
    "lon": 33.36325596768948,
    "score_15min_norm": 1.0,
    "pop_density_norm": 0.7863271742629352,
    "score_15min": 100.0,
    "population_density": 3346.124755859375
  },
  {
    "lat": 35.16564843361826,
    "lon": 33.36327601467795,
    "score_15min_norm": 1.0,
    "pop_density_norm": 0.7863271742629352,
    "score_15min": 100.0,
    "population_density": 3346.124755859375
  },
  {
    "lat": 35.170156938474264,
    "lon": 33.363296066118714,
    "score_15min_norm": 1.0,
    "pop_density_norm": 0.7464822768987598,
    "score_15min": 100.0,
    "population_density": 3187.34814453125
  },
  {
    "lat": 35.17466543995808,
    "lon": 33.363316122012755,
    "score_15min_norm": 0.875,
    "pop_density_norm": 0.7112330131886484,
    "score_15min": 87.5,
    "population_density": 3046.884521484375
  },
  {
    "lat": 35.16112333987964,
    "lon": 33.36874599217904,
    "score_15min_norm": 1.0,
    "pop_density_norm": 0.7682635341030108,
    "score_15min": 100.0,
    "population_density": 3274.1435546875
  },
  {
    "lat": 35.165631845351925,
    "lon": 33.368766342128595,
    "score_15min_norm": 1.0,
    "pop_density_norm": 0.7682635341030108,
    "score_15min": 100.0,
    "population_density": 3274.1435546875
  },
  {
    "lat": 35.17014034745191,
    "lon": 33.36878669659773,
    "score_15min_norm": 1.0,
    "pop_density_norm": 0.7446573796314628,
    "score_15min": 100.0,
    "population_density": 3180.076171875
  },
  {
    "lat": 35.174648846179416,
    "lon": 33.368807055587446,
    "score_15min_norm": 1.0,
    "pop_density_norm": 0.6733030755030681,
    "score_15min": 100.0,
    "population_density": 2895.73876953125
  },
  {
    "lat": 35.16110650559637,
    "lon": 33.37423601215001,
    "score_15min_norm": 0.875,
    "pop_density_norm": 0.5047305032637381,
    "score_15min": 87.5,
    "population_density": 2223.99951171875
  },
  {
    "lat": 35.16561500827161,
    "lon": 33.37425666505966,
    "score_15min_norm": 0.875,
    "pop_density_norm": 0.5047305032637381,
    "score_15min": 87.5,
    "population_density": 2223.99951171875
  },
  {
    "lat": 35.170123507574246,
    "lon": 33.37427732255617,
    "score_15min_norm": 1.0,
    "pop_density_norm": 0.7506310294453348,
    "score_15min": 100.0,
    "population_density": 3203.88037109375
  },
  {
    "lat": 35.1746320035041,
    "lon": 33.37429798464056,
    "score_15min_norm": 1.0,
    "pop_density_norm": 0.7707546481461283,
    "score_15min": 100.0,
    "population_density": 3284.0703125
  },
  {
    "lat": 35.17914049606097,
    "lon": 33.37431865131384,
    "score_15min_norm": 1.0,
    "pop_density_norm": 0.7707546481461283,
    "score_15min": 100.0,
    "population_density": 3284.0703125
  },
  {
    "lat": 35.18364898524466,
    "lon": 33.374339322577015,
    "score_15min_norm": 1.0,
    "pop_density_norm": 0.6127622036242577,
    "score_15min": 100.0,
    "population_density": 2654.491455078125
  },
  {
    "lat": 35.165597922377984,
    "lon": 33.37974698340386,
    "score_15min_norm": 0.875,
    "pop_density_norm": 0.5047305032637381,
    "score_15min": 87.5,
    "population_density": 2223.99951171875
  },
  {
    "lat": 35.17010641884194,
    "lon": 33.379767943926744,
    "score_15min_norm": 1.0,
    "pop_density_norm": 0.7506310294453348,
    "score_15min": 100.0,
    "population_density": 3203.88037109375
  },
  {
    "lat": 35.174614911932785,
    "lon": 33.37978890910479,
    "score_15min_norm": 1.0,
    "pop_density_norm": 0.7707546481461283,
    "score_15min": 100.0,
    "population_density": 3284.0703125
  },
  {
    "lat": 35.179123401650344,
    "lon": 33.37980987893904,
    "score_15min_norm": 1.0,
    "pop_density_norm": 0.7707546481461283,
    "score_15min": 100.0,
    "population_density": 3284.0703125
  },
  {
    "lat": 35.183631887994416,
    "lon": 33.37983085343051,
    "score_15min_norm": 1.0,
    "pop_density_norm": 0.6127622036242577,
    "score_15min": 100.0,
    "population_density": 2654.491455078125
  },
  {
    "lat": 35.18814037096483,
    "lon": 33.37985183258025,
    "score_15min_norm": 1.0,
    "pop_density_norm": 0.6127622036242577,
    "score_15min": 100.0,
    "population_density": 2654.491455078125
  },
  {
    "lat": 35.1926488505614,
    "lon": 33.37987281638926,
    "score_15min_norm": 0.875,
    "pop_density_norm": 0.2039808045295879,
    "score_15min": 87.5,
    "population_density": 1025.552001953125
  },
  {
    "lat": 35.16558058767172,
    "lon": 33.38523729709392,
    "score_15min_norm": 0.75,
    "pop_density_norm": 0.4710815934621429,
    "score_15min": 75.0,
    "population_density": 2089.9130859375
  },
  {
    "lat": 35.170089081255654,
    "lon": 33.385258560642136,
    "score_15min_norm": 0.75,
    "pop_density_norm": 0.5603176361864183,
    "score_15min": 75.0,
    "population_density": 2445.5068359375
  },
  {
    "lat": 35.17459757146615,
    "lon": 33.38527982891282,
    "score_15min_norm": 1.0,
    "pop_density_norm": 0.7303832226440643,
    "score_15min": 100.0,
    "population_density": 3123.195556640625
  },
  {
    "lat": 35.17910605830306,
    "lon": 33.38530110190702,
    "score_15min_norm": 1.0,
    "pop_density_norm": 0.7303832226440643,
    "score_15min": 100.0,
    "population_density": 3123.195556640625
  },
  {
    "lat": 35.18361454176618,
    "lon": 33.38532237962576,
    "score_15min_norm": 1.0,
    "pop_density_norm": 0.7143202546208345,
    "score_15min": 100.0,
    "population_density": 3059.186767578125
  },
  {
    "lat": 35.18812302185531,
    "lon": 33.385343662070106,
    "score_15min_norm": 1.0,
    "pop_density_norm": 0.7143202546208345,
    "score_15min": 100.0,
    "population_density": 3059.186767578125
  },
  {
    "lat": 35.19263149857029,
    "lon": 33.385364949241094,
    "score_15min_norm": 0.75,
    "pop_density_norm": 0.20425665895602999,
    "score_15min": 75.0,
    "population_density": 1026.6512451171875
  },
  {
    "lat": 35.1971399719109,
    "lon": 33.38538624113976,
    "score_15min_norm": 0.0,
    "pop_density_norm": 0.20425665895602999,
    "score_15min": 0.0,
    "population_density": 1026.6512451171875
  },
  {
    "lat": 35.16556300415351,
    "lon": 33.39072760606255,
    "score_15min_norm": 0.0,
    "pop_density_norm": 0.43818988185186314,
    "score_15min": 0.0,
    "population_density": 1958.843994140625
  },
  {
    "lat": 35.17007149481608,
    "lon": 33.390749172635054,
    "score_15min_norm": 0.625,
    "pop_density_norm": 0.4099339950125259,
    "score_15min": 62.5,
    "population_density": 1846.248046875
  },
  {
    "lat": 35.17457998210491,
    "lon": 33.39077074399734,
    "score_15min_norm": 0.75,
    "pop_density_norm": 0.4099339950125259,
    "score_15min": 75.0,
    "population_density": 1846.248046875
  },
  {
    "lat": 35.17908846601981,
    "lon": 33.39079232015043,
    "score_15min_norm": 0.875,
    "pop_density_norm": 0.664948040747191,
    "score_15min": 87.5,
    "population_density": 2862.445068359375
  },
  {
    "lat": 35.18359694656062,
    "lon": 33.39081390109541,
    "score_15min_norm": 0.875,
    "pop_density_norm": 0.47057093346338774,
    "score_15min": 87.5,
    "population_density": 2087.878173828125
  },
  {
    "lat": 35.18810542372712,
    "lon": 33.39083548683333,
    "score_15min_norm": 0.875,
    "pop_density_norm": 0.47057093346338774,
    "score_15min": 87.5,
    "population_density": 2087.878173828125
  },
  {
    "lat": 35.19261389751915,
    "lon": 33.39085707736524,
    "score_15min_norm": 0.5,
    "pop_density_norm": 0.0508132545754395,
    "score_15min": 50.0,
    "population_density": 415.19970703125
  },
  {
    "lat": 35.197122367936494,
    "lon": 33.3908786726922,
    "score_15min_norm": 0.5,
    "pop_density_norm": 0.0508132545754395,
    "score_15min": 50.0,
    "population_density": 415.19970703125
  },
  {
    "lat": 35.165545171824064,
    "lon": 33.39621791024247,
    "score_15min_norm": 0.25,
    "pop_density_norm": 0.43818988185186314,
    "score_15min": 25.0,
    "population_density": 1958.843994140625
  },
  {
    "lat": 35.17005365952393,
    "lon": 33.39623977983822,
    "score_15min_norm": 0.5,
    "pop_density_norm": 0.4099339950125259,
    "score_15min": 50.0,
    "population_density": 1846.248046875
  },
  {
    "lat": 35.17456214384974,
    "lon": 33.39626165429103,
    "score_15min_norm": 0.625,
    "pop_density_norm": 0.4099339950125259,
    "score_15min": 62.5,
    "population_density": 1846.248046875
  },
  {
    "lat": 35.179070624801305,
    "lon": 33.39628353360198,
    "score_15min_norm": 0.75,
    "pop_density_norm": 0.664948040747191,
    "score_15min": 75.0,
    "population_density": 2862.445068359375
  },
  {
    "lat": 35.183579102378445,
    "lon": 33.39630541777213,
    "score_15min_norm": 0.25,
    "pop_density_norm": 0.47057093346338774,
    "score_15min": 25.0,
    "population_density": 2087.878173828125
  },
  {
    "lat": 35.18808757658095,
    "lon": 33.39632730680256,
    "score_15min_norm": 0.75,
    "pop_density_norm": 0.47057093346338774,
    "score_15min": 75.0,
    "population_density": 2087.878173828125
  },
  {
    "lat": 35.19259604740867,
    "lon": 33.39634920069434,
    "score_15min_norm": 0.125,
    "pop_density_norm": 0.0508132545754395,
    "score_15min": 12.5,
    "population_density": 415.19970703125
  },
  {
    "lat": 35.19710451486139,
    "lon": 33.39637109944853,
    "score_15min_norm": 0.0,
    "pop_density_norm": 0.0508132545754395,
    "score_15min": 0.0,
    "population_density": 415.19970703125
  },
  {
    "lat": 35.165527090684066,
    "lon": 33.4017082095664,
    "score_15min_norm": 0.125,
    "pop_density_norm": 0.17896786906686823,
    "score_15min": 12.5,
    "population_density": 925.8787841796876
  },
  {
    "lat": 35.1700355753799,
    "lon": 33.401730382184326,
    "score_15min_norm": 0.375,
    "pop_density_norm": 0.11509203817459192,
    "score_15min": 37.5,
    "population_density": 671.3421020507812
  },
  {
    "lat": 35.17454405670135,
    "lon": 33.4017525597266,
    "score_15min_norm": 0.0,
    "pop_density_norm": 0.11509203817459192,
    "score_15min": 0.0,
    "population_density": 671.3421020507812
  },
  {
    "lat": 35.17905253464823,
    "lon": 33.40177474219432,
    "score_15min_norm": 0.25,
    "pop_density_norm": 0.20887833106233994,
    "score_15min": 25.0,
    "population_density": 1045.0679931640625
  },
  {
    "lat": 35.18356100922035,
    "lon": 33.40179692958857,
    "score_15min_norm": 0.0,
    "pop_density_norm": 0.07405179970985125,
    "score_15min": 0.0,
    "population_density": 507.80221557617193
  },
  {
    "lat": 35.188069480417525,
    "lon": 33.401819121910435,
    "score_15min_norm": 0.125,
    "pop_density_norm": 0.07405179970985125,
    "score_15min": 12.5,
    "population_density": 507.80221557617193
  },
  {
    "lat": 35.192577948239574,
    "lon": 33.40184131916101,
    "score_15min_norm": 0.125,
    "pop_density_norm": 0.021323604601737375,
    "score_15min": 12.5,
    "population_density": 297.6873779296875
  },
  {
    "lat": 35.197086412686296,
    "lon": 33.40186352134137,
    "score_15min_norm": 0.125,
    "pop_density_norm": 0.021323604601737375,
    "score_15min": 12.5,
    "population_density": 297.6873779296875
  },
  {
    "lat": 35.16550876073426,
    "lon": 33.40719850396706,
    "score_15min_norm": 0.0,
    "pop_density_norm": 0.022649888483627183,
    "score_15min": 0.0,
    "population_density": 302.9724426269531
  },
  {
    "lat": 35.17001724238472,
    "lon": 33.407220979606066,
    "score_15min_norm": 0.0,
    "pop_density_norm": 0.0,
    "score_15min": 0.0,
    "population_density": 212.7156524658203
  },
  {
    "lat": 35.174525720660455,
    "lon": 33.40724346023672,
    "score_15min_norm": 0.0,
    "pop_density_norm": 0.0,
    "score_15min": 0.0,
    "population_density": 212.7156524658203
  },
  {
    "lat": 35.17903419556129,
    "lon": 33.40726594586013,
    "score_15min_norm": 0.0,
    "pop_density_norm": 0.004444430659381477,
    "score_15min": 0.0,
    "population_density": 230.42611694335932
  },
  {
    "lat": 35.18354266708706,
    "lon": 33.407288436477394,
    "score_15min_norm": 0.0,
    "pop_density_norm": 0.0010838161120849542,
    "score_15min": 0.0,
    "population_density": 217.03451538085932
  },
  {
    "lat": 35.165490181975365,
    "lon": 33.41268879337718,
    "score_15min_norm": 0.0,
    "pop_density_norm": 0.022649888483627183,
    "score_15min": 0.0,
    "population_density": 302.9724426269531
  },
  {
    "lat": 35.1699986605391,
    "lon": 33.41271157203616,
    "score_15min_norm": 0.0,
    "pop_density_norm": 0.0,
    "score_15min": 0.0,
    "population_density": 212.7156524658203
  },
  {
    "lat": 35.1745071357278,
    "lon": 33.41273435575409,
    "score_15min_norm": 0.0,
    "pop_density_norm": 0.0,
    "score_15min": 0.0,
    "population_density": 212.7156524658203
  }
]